OrderID;Date;Customer;City;Product;Category;Quantity;Price
1001;2026-01-05;Adam;Krakow;Laptop;Electronics;1;3500
1002;2026-01-06;Anna;Warszawa;Mouse;Electronics;2;120
1003;2026-01-08;Piotr;Krakow;Keyboard;Electronics;1;250
1004;2026-01-10;Kasia;Gdansk;Monitor;Electronics;2;900
1005;2026-01-12;Adam;Krakow;Mouse;Electronics;1;120
1006;2026-01-15;Tomek;Warszawa;Laptop;Electronics;1;3500
1007;2026-01-18;Ola;Gdansk;Keyboard;Electronics;2;250
1008;2026-01-20;Piotr;Krakow;Monitor;Electronics;1;900
1009;2026-02-02;Anna;Warszawa;Laptop;Electronics;1;3500
1010;2026-02-04;Marek;Krakow;Mouse;Electronics;3;120
1011;2026-02-07;Kasia;Gdansk;Laptop;Electronics;1;3500
1012;2026-02-09;Tomek;Warszawa;Monitor;Electronics;2;900
1013;2026-02-12;Ola;Gdansk;Mouse;Electronics;4;120
1014;2026-02-15;Adam;Krakow;Keyboard;Electronics;1;250
1015;2026-02-18;Piotr;Krakow;Laptop;Electronics;2;3500
1016;2026-02-21;Anna;Warszawa;Keyboard;Electronics;1;250
1017;2026-02-25;Marek;Krakow;Monitor;Electronics;1;900
1018;2026-03-01;Kasia;Gdansk;Mouse;Electronics;2;120
1019;2026-03-03;Tomek;Warszawa;Laptop;Electronics;1;3500
1020;2026-03-06;Ola;Gdansk;Monitor;Electronics;1;900
1021;2026-03-09;Adam;Krakow;Laptop;Electronics;1;3500
1022;2026-03-12;Piotr;Krakow;Mouse;Electronics;5;120
1023;2026-03-15;Anna;Warszawa;Monitor;Electronics;1;900
1024;2026-03-18;Marek;Krakow;Keyboard;Electronics;2;250
1025;2026-03-20;Kasia;Gdansk;Laptop;Electronics;1;3500
1026;2026-03-22;Tomek;Warszawa;Mouse;Electronics;3;120
1027;2026-03-25;Ola;Gdansk;Keyboard;Electronics;1;250
1028;2026-03-27;Adam;Krakow;Monitor;Electronics;2;900
1029;2026-03-28;Piotr;Krakow;Laptop;Electronics;1;3500
1030;2026-03-30;Anna;Warszawa;Mouse;Electronics;2;120
1030;2026-03-30;Anna;Warszawa;Mouse;Electronics;2;120
1031;2026-03-31;Marek;;Monitor;Electronics;1;900
1032;2026-04-02;Kasia;Gdansk;Laptop;Electronics;;3500
1033;2026-04-04;Tomek;Warszawa;Keyboard;Electronics;1;abc
